id,name,phone,role,location,salary,manager
1,Hector Williams,892-308-4641,Human Resources Manager,Los Angeles,10869,none
2,Maddy Evans,629-240-9464,Content Strategist,Philadelphia,65330,Maddy Evans
3,Sam Taylor,510-772-5573,Product Manager,San Antonio,17594,Maddy Evans
4,Alexander Price,600-777-6801,Market Research Analyst,Charlotte,95905,Sam Taylor
5,Jackson Lewis,643-695-1903,Web Developer,Columbus,78026,Hector Williams
6,Harry Washington,161-505-9765,Compliance Officer,Austin,116488,Maddy Evans
7,Mason Kelly,940-196-7206,Digital Marketing Specialist,Philadelphia,103634,Maddy Evans
8,Amanda Hall,296-503-4459,Hardware Engineer,San Francisco,66075,Mason Kelly
9,Thomas Phillips,835-166-4784,Network Engineer,San Francisco,67753,Mason Kelly
10,Maddy Simmons,395-359-9853,Financial Analyst,Phoenix,25945,Maddy Evans
11,Chris Collins,119-399-2643,Corporate Trainer,Dallas,118008,Harry Washington
12,Hector Rivera,464-372-1498,Content Strategist,Fort Worth,52039,Chris Collins
13,Leah Edwards,854-825-7328,Network Engineer,Columbus,133743,Alexander Price
14,Logan Barnes,939-450-1986,Product Manager,San Jose,43895,Thomas Phillips
15,Isabella Rivera,989-678-8553,Business Development Manager,San Francisco,77256,Leah Edwards
16,Dylan Martinez,258-886-8802,Operations Manager,Phoenix,47691,Maddy Evans
17,Anna Walker,673-882-5932,Product Manager,Washington D.C.,34830,Mason Kelly
18,Raelynn Young,612-656-8026,Training and Development Manager,Chicago,139535,Anna Walker
19,Mason Ward,745-354-1016,Social Media Manager,Denver,90781,Alexander Price
20,James Wilson,752-399-7586,Training and Development Manager,Seattle,115346,Jackson Lewis
21,Evelyn Murphy,217-791-3257,Graphic Designer,Denver,80661,Harry Washington
22,Stella Young,620-295-2058,Research Scientist,Dallas,12565,Dylan Martinez
23,Clara Parker,634-360-8995,UX/UI Designer,Houston,58778,Hector Williams
24,Clara Patterson,583-681-7123,SEO Analyst,Washington D.C.,85972,Raelynn Young
25,Amelia Martin,828-627-2696,Business Analyst,Washington D.C.,14351,Chris Collins
26,Elijah Cook,107-404-9988,E-commerce Specialist,Dallas,98111,Amanda Hall
27,Chris Lee,626-464-2335,Social Media Manager,Washington D.C.,95822,Thomas Phillips
28,Vin Allen,608-291-4421,Database Administrator,Washington D.C.,77069,Chris Collins
29,Aqua Parker,358-316-9262,Operations Manager,Charlotte,43194,Vin Allen
30,Elias Butler,904-848-1115,Mobile App Developer,Seattle,99720,Leah Edwards
31,Owen Baker,551-352-2879,Public Relations Specialist,San Antonio,130501,Stella Young
32,Logan Nelson,968-999-3659,Graphic Designer,Fort Worth,13418,Sam Taylor
33,Kayle Torres,242-104-2505,Technical Support Specialist,Jacksonville,117736,Clara Parker
34,Amelia Wright,458-875-6840,Systems Analyst,Houston,102510,Sam Taylor
35,Isaiah Moore,668-757-5609,Editorial Assistant,San Francisco,17268,Dylan Martinez
36,Ava Collins,977-339-9011,Financial Analyst,Philadelphia,139851,Maddy Evans
37,Olivia Jones,926-210-5341,Editorial Assistant,New York,120663,Aqua Parker
38,Maddy Anderson,318-956-8235,Sales Representative,Charlotte,34539,Olivia Jones
39,Micheal Jones,117-303-8443,Facilities Manager,Houston,38554,Isabella Rivera
40,Olivia Nelson,450-726-1923,Mobile App Developer,Philadelphia,106644,Hector Rivera
41,Ben Hall,549-333-9030,Content Strategist,Austin,129715,Olivia Nelson
42,Elijah Rodriguez,194-305-9768,Corporate Trainer,Austin,138668,Jackson Lewis
43,Matt Lewis,321-859-9644,Digital Marketing Specialist,Indianapolis,124156,Thomas Phillips
44,NoraJoe Harris,902-507-9160,Pharmaceutical Sales Representative,Charlotte,129045,Elias Butler
45,Richard Ward,149-157-9817,Mobile App Developer,Phoenix,95918,Vin Allen
46,Lucas Garcia,386-735-1526,IT Consultant,Los Angeles,107766,Isaiah Moore
47,Anthony Adams,410-712-1690,Sales Representative,Columbus,96741,Raelynn Young
48,Lillia Wood,921-989-2866,Systems Analyst,San Jose,108148,James Wilson
49,Chris Hernandez,572-907-7999,SEO Analyst,Chicago,46492,Amelia Wright
50,Luke Moore,333-790-5102,Database Administrator,San Diego,104126,Ava Collins
51,Ellie Lewis,407-659-4124,Public Relations Specialist,Chicago,10766,Lillia Wood
52,Abigail Ward,489-740-2482,Facilities Manager,Dallas,23309,Amelia Wright
53,Natalie Ross,728-464-1521,Market Research Analyst,Washington D.C.,87549,Isaiah Moore
54,Liam Rivera,859-356-8786,UX/UI Designer,Indianapolis,133438,Vin Allen
55,Micheal Watson,917-985-4266,Event Planner,Washington D.C.,87373,Thomas Phillips
56,John Clark,613-196-3857,Research Scientist,Washington D.C.,117356,Clara Patterson
57,Dylan Lewis,485-592-7915,Facilities Manager,Dallas,86192,Hector Rivera
58,Luke Barnes,898-974-3833,Facilities Manager,San Jose,108266,Amanda Hall
59,Aria Clark,823-726-8746,Content Writer,San Francisco,65253,Luke Barnes
60,Kayle Robinson,693-943-4455,Training and Development Manager,Los Angeles,128908,Anna Walker
61,Robert Powell,305-199-9990,Retail Manager,Phoenix,117751,Aria Clark
62,Luke Cox,227-137-4036,Compliance Officer,Seattle,92090,Chris Lee
63,Harper Powell,894-437-1413,Recruitment Consultant,Austin,37999,Owen Baker
64,Harry Moore,853-805-4769,Training and Development Manager,New York,36657,Kayle Robinson
65,Stella Wood,655-146-4041,Systems Analyst,San Antonio,99735,Leah Edwards
66,Logan Gonzalez,437-520-3750,Content Strategist,Charlotte,54600,Maddy Evans
67,Anthony Martin,317-684-5006,Marketing Manager,Denver,23740,Ava Collins
68,Liam Barnes,405-725-5456,Recruitment Consultant,Chicago,73876,Elijah Rodriguez
69,Lillia Torres,182-839-6138,Product Manager,Phoenix,11750,Lillia Torres
70,Ellie Baker,479-512-8749,Operations Manager,San Antonio,27286,Robert Powell
71,Lucas Jones,800-267-5876,Training and Development Manager,Dallas,35157,Dylan Lewis
72,Natalie Torres,481-425-7182,SEO Analyst,San Antonio,116210,Stella Wood
73,Grace Martin,142-913-2845,Public Relations Specialist,Los Angeles,88590,Hector Rivera
74,Anthony Price,103-650-2361,Product Manager,Houston,43861,Dylan Lewis
75,Leslie Murphy,787-666-7652,Compliance Officer,Charlotte,91753,Chris Hernandez
76,Ethan Roberts,127-206-4447,Network Engineer,Fort Worth,47309,Harry Moore
77,Emma Hall,325-683-6479,Content Strategist,Columbus,98940,Lillia Wood
78,Daniel Patterson,853-768-7052,Network Engineer,Seattle,84179,Kayle Robinson
79,Owen Young,532-403-2718,IT Consultant,Dallas,43118,Stella Young
80,Leah Moore,864-318-5029,Network Engineer,Washington D.C.,112392,Ava Collins
81,Lily Bailey,896-580-3675,DevOps Engineer,Chicago,57124,Isaiah Moore
82,Harper Hughes,708-267-8809,Marketing Manager,Seattle,80469,Ben Hall
83,Harper Stewart,515-515-9560,Sales Representative,Phoenix,96950,Ellie Lewis
84,Quinn Butler,658-754-3562,Business Analyst,Dallas,63931,Maddy Evans
85,Chloe Scott,840-254-6745,Customer Support Specialist,Washington D.C.,85182,Kayle Robinson
86,Lucy Ward,590-426-5043,Supply Chain Analyst,Jacksonville,10199,Aria Clark
87,Sophia Barnes,860-845-5615,Graphic Designer,New York,57188,Alexander Price
88,Isabella Green,653-966-5628,Compliance Officer,Phoenix,77701,Maddy Evans
89,John Gray,593-619-4384,Technical Support Specialist,Austin,29019,Lucas Garcia
90,Autumn Butler,847-388-3491,DevOps Engineer,Los Angeles,120720,Liam Barnes
91,Wyatt Price,918-463-4107,Network Engineer,Seattle,12350,Mason Kelly
92,David Brooks,424-451-3691,Supply Chain Analyst,New York,15878,Chris Lee
93,Chris Lopez,200-262-5665,Market Research Analyst,Indianapolis,31434,Amelia Wright
94,Isabella Hill,197-987-7448,Project Manager,San Francisco,17478,Evelyn Murphy
95,Kayle Martinez,543-430-5129,Web Developer,New York,32092,Logan Gonzalez
96,Leah Baker,887-801-2216,Event Planner,Dallas,127031,Wyatt Price
97,Zoey Thompson,585-493-3559,Graphic Designer,Jacksonville,59384,Quinn Butler
98,Clara Brown,209-186-9838,Data Scientist,Phoenix,108408,Luke Moore
99,Matt Richardson,645-774-5351,Compliance Officer,Jacksonville,129438,Alexander Price
100,Leah Roberts,738-684-4017,E-commerce Specialist,San Francisco,31862,Alexander Price
101,Evelyn Parker,550-765-4691,Accountant,San Diego,93123,Micheal Watson
102,Anna Jenkins,417-690-4558,IT Consultant,Charlotte,74963,Stella Young
103,Ethan Peterson,398-376-3000,Operations Manager,San Antonio,14459,Chris Lee
104,NoraJoe Martin,639-995-6286,Market Research Analyst,Dallas,137665,Amelia Wright
105,Abigail Turner,759-496-6335,Training and Development Manager,Jacksonville,85496,Ethan Peterson
106,Sam Thompson,118-356-6314,Compliance Officer,Philadelphia,133035,Anthony Adams
107,Maddy Flores,400-123-9554,Financial Analyst,Houston,134054,Harper Powell
108,Owen Allen,270-794-9767,Software Engineer,Indianapolis,34647,Amanda Hall
109,Grace Young,891-985-6645,HR,Chicago,123687,Liam Barnes
110,Morgana Bailey,846-626-9719,SEO Analyst,San Diego,91403,Olivia Jones
111,Carter Richardson,145-766-6966,Supply Chain Analyst,Fort Worth,130210,Ellie Baker
112,Lily Perez,714-780-2094,Market Research Analyst,Denver,71829,David Brooks
113,Sophia Sanders,774-243-1907,Compliance Officer,Denver,114797,Harper Hughes
114,Mia Torres,519-521-2235,Data Scientist,Los Angeles,64409,Matt Lewis
115,Alexander Patterson,135-965-1195,Network Engineer,Indianapolis,59477,Daniel Patterson
116,Sophia Bennett,342-342-3696,Technical Support Specialist,Fort Worth,90441,Leah Baker
117,Chris Hall,777-669-8231,Data Scientist,Philadelphia,133267,Abigail Ward
118,Robert Butler,863-920-2746,Human Resources Manager,Washington D.C.,90385,Autumn Butler
119,Autumn Young,183-826-2826,DevOps Engineer,San Jose,134490,Amelia Martin
120,Lily Harris,821-893-6978,Database Administrator,Fort Worth,21188,Kayle Robinson
121,Ella Smith,101-444-5956,Insurance Underwriter,Seattle,39433,Emma Hall
122,Richard Ramirez,358-520-5763,IT Consultant,Dallas,82887,Logan Barnes
123,Ellie Brown,963-252-8979,Mobile App Developer,Jacksonville,15833,Thomas Phillips
124,Abigail Baker,891-730-5634,Data Scientist,Washington D.C.,102889,Harper Stewart
125,Vin Simmons,458-537-1757,Software Engineer,New York,112359,Maddy Flores
126,Maddy Stewart,225-843-7824,Mobile App Developer,San Diego,31882,Richard Ramirez
127,Lily Robinson,291-494-6641,Quality Assurance Tester,San Diego,33541,Alexander Patterson
128,Anna Davis,145-216-9898,Facilities Manager,Austin,102327,Anthony Price
129,Chloe Brooks,581-317-6594,Systems Analyst,Jacksonville,20715,Dylan Martinez
130,Anna Moore,629-876-8099,Retail Manager,Philadelphia,26754,Lily Robinson
131,Isabella Williams,525-258-9249,Systems Administrator,San Francisco,13732,Olivia Nelson
132,Scarlett Price,183-121-3538,Systems Analyst,Chicago,111785,Sam Taylor
133,John Harris,299-362-9744,Web Developer,San Francisco,36039,Mason Ward
134,Thomas Scott,482-927-9176,Business Development Manager,San Jose,55829,Leah Baker
135,Amanda Phillips,401-968-5026,Business Development Manager,Chicago,107416,Evelyn Parker
136,Peyton Cooper,679-375-2095,Recruitment Consultant,Phoenix,24205,Lucy Ward
137,Morgana Williams,127-230-7190,Systems Analyst,Charlotte,128045,David Brooks
138,Leah Johnson,350-551-2741,Customer Support Specialist,Los Angeles,101606,Harper Powell
139,Lucy Henderson,765-699-9757,Social Media Manager,Washington D.C.,93301,Emma Hall
140,Mason Hughes,652-114-1695,Business Analyst,Dallas,10680,Carter Richardson
141,Lily Taylor,963-744-9366,Product Manager,Seattle,104992,Elijah Rodriguez
142,Daniel Green,655-532-7271,Pharmaceutical Sales Representative,Indianapolis,46635,Sophia Bennett
143,Kayle Roberts,328-699-9396,Quality Assurance Tester,Los Angeles,34364,Owen Young
144,Chris Turner,298-996-8942,Project Manager,Seattle,81121,Chris Hernandez
145,Anna Lee,411-729-5588,Systems Analyst,Seattle,132139,Ava Collins
146,Natalie Anderson,958-496-9538,Legal Advisor,San Diego,134433,Anna Jenkins
147,Clara Miller,558-670-8978,Human Resources Manager,Charlotte,99794,Emma Hall
148,Lily Peterson,386-545-8239,Cloud Solutions Architect,San Antonio,71217,Daniel Patterson
149,Harper Richardson,946-182-6077,Customer Support Specialist,Philadelphia,41815,Abigail Baker
150,Quinn Kelly,991-325-7293,DevOps Engineer,New York,19999,Emma Hall
151,Logan Howard,317-804-7105,Recruitment Consultant,Houston,85406,Peyton Cooper
152,Isaiah Martin,255-118-5943,UX/UI Designer,Los Angeles,78093,Lucas Jones
153,Richard Mitchell,208-675-1250,Software Tester,Jacksonville,28373,Sophia Bennett
154,Wyatt Baker,295-922-1205,Sales Representative,Houston,49443,Jackson Lewis
155,Alexander Roberts,686-738-1950,Network Engineer,Washington D.C.,105698,Matt Lewis
156,Hazel Martin,417-263-7317,Business Development Manager,Houston,60530,Leah Roberts
157,NoraJoe White,242-292-9039,Digital Marketing Specialist,Philadelphia,93642,Isaiah Moore
158,Isaiah Hernandez,406-971-5873,Business Analyst,Jacksonville,43284,Anna Davis
159,Isabella Flores,342-199-7243,Data Scientist,Denver,29756,Morgana Bailey
160,Quinn Stewart,545-676-6398,Data Scientist,San Jose,78673,Logan Howard
161,Anthony Brooks,488-276-9232,Database Administrator,Dallas,55810,Autumn Young
162,Chris Mitchell,531-776-3544,Digital Marketing Specialist,New York,25586,Scarlett Price
163,Owen Simmons,622-391-1229,Recruitment Consultant,Charlotte,88733,Isabella Green
164,James Miller,414-651-6835,Public Relations Specialist,Chicago,106366,Raelynn Young
165,Jackson Martin,475-415-3068,Software Engineer,Columbus,109646,Kayle Roberts
166,Jackson Gray,812-627-5008,Quality Assurance Tester,Jacksonville,98529,Kayle Martinez
167,William Kelly,189-454-9644,Social Media Manager,Dallas,78597,Logan Howard
168,Quinn Evans,782-468-4285,Database Administrator,Houston,81759,Owen Allen
169,David Simmons,225-435-3618,Web Developer,Los Angeles,66989,Isabella Hill
170,Stella Simmons,536-600-2048,Business Development Manager,Charlotte,18900,Alexander Roberts
171,Jackson Bennett,464-438-6607,Cloud Solutions Architect,San Antonio,72068,Grace Young
172,Wyatt Gray,100-954-2964,Technical Support Specialist,Austin,63263,Luke Barnes
173,Harper Anderson,298-717-4811,Quality Assurance Tester,Philadelphia,12904,Richard Mitchell
174,Harry Martin,254-454-6045,Marketing Manager,Indianapolis,121870,Owen Young
175,Aria Wilson,648-419-2521,Technical Support Specialist,Seattle,102385,Richard Ramirez
176,Kayle Taylor,346-653-9675,IT Consultant,San Diego,13026,Leah Johnson
177,Oliver Jones,243-631-8491,Project Manager,Denver,114272,Harry Martin
178,Lucas Bailey,248-599-7191,Sales Representative,Denver,116743,David Brooks
179,Oliver Hill,658-535-4369,Content Writer,San Diego,55327,Isabella Green
180,Sophia Hernandez,316-335-2231,Mobile App Developer,Fort Worth,115114,Liam Rivera
181,Sam Peterson,885-303-9996,Data Scientist,Seattle,62600,Logan Barnes
182,Skylar Henderson,888-591-3248,Pharmaceutical Sales Representative,Charlotte,10934,Richard Ward
183,Emma Ward,783-310-7582,Pharmaceutical Sales Representative,San Jose,31271,Lucas Jones
184,Carter Sanders,185-142-6894,Quality Assurance Tester,Jacksonville,32093,Luke Moore
185,Morgana Barnes,138-543-9055,Mobile App Developer,Washington D.C.,45784,Anna Walker
186,Violet Peterson,346-108-1065,Mobile App Developer,Phoenix,132021,Lily Peterson
187,Aiden Adams,911-939-4053,Human Resources Manager,Dallas,61984,NoraJoe Harris
188,William Hall,490-486-4171,Graphic Designer,Phoenix,71960,Leah Edwards
189,Wyatt Turner,507-555-4290,Retail Manager,Houston,50273,Lily Harris
190,Leah Allen,377-312-7301,Mobile App Developer,Los Angeles,57956,Harper Powell
191,Alexander Campbell,923-160-5722,Database Administrator,Denver,22637,Lily Robinson
192,Lucy Robinson,774-293-4570,Customer Support Specialist,Seattle,132862,Aria Wilson
193,Scarlett Campbell,684-267-9507,Project Manager,Austin,19289,Isaiah Martin
194,Grace Moore,351-913-1350,Facilities Manager,Houston,38754,Lily Harris
195,Daniel Martinez,899-943-5556,Human Resources Manager,Chicago,80157,Matt Lewis
196,Ava Garcia,680-676-7022,Facilities Manager,Houston,127887,Sophia Sanders
197,Robert Wood,141-537-8695,Human Resources Manager,Philadelphia,124625,Amanda Hall
198,William Harris,410-848-8853,Human Resources Manager,San Jose,33378,Leah Edwards
199,Lucy Ramirez,361-286-5920,Financial Analyst,Washington D.C.,80857,Robert Wood
200,Layla Wright,621-269-2432,Research Scientist,Charlotte,79838,Alexander Price
201,Sophie Howard,222-816-1567,Mobile App Developer,Philadelphia,83630,Amanda Hall
202,David Adams,385-732-6339,Research Scientist,Indianapolis,24885,Luke Moore
203,Ella Cox,380-941-4832,HR,Los Angeles,136430,Evelyn Parker
204,Oliver Ramirez,991-880-9000,Customer Support Specialist,Philadelphia,102405,Natalie Anderson
205,Elias Turner,150-600-1653,Supply Chain Analyst,Chicago,13992,Mason Ward
206,Quinn Ward,763-769-5328,Financial Analyst,Phoenix,28020,Anna Moore
207,Amelia Jenkins,932-890-2290,Financial Analyst,San Antonio,107830,Natalie Torres
208,Owen Coleman,661-892-8084,Human Resources Manager,San Jose,79403,Grace Martin
209,Skylar Phillips,502-892-1732,Accountant,Los Angeles,84000,Clara Patterson
210,Lillia Miller,636-640-9554,Event Planner,Washington D.C.,49063,Owen Simmons
211,Belle Bailey,788-291-8615,Hardware Engineer,Columbus,84043,John Harris
212,Grace Adams,455-169-1559,Market Research Analyst,Charlotte,102976,Grace Martin
213,Natalie Hill,409-503-4981,Public Relations Specialist,Charlotte,96715,Daniel Green
214,Harry Baker,550-396-1045,Project Manager,Indianapolis,47351,Abigail Baker
215,Violet Powell,374-904-3176,Editorial Assistant,San Francisco,99019,NoraJoe White
216,Lucy Edwards,842-828-6839,Research Scientist,Fort Worth,51765,Oliver Ramirez
217,Aiden Turner,363-403-9712,Research Scientist,Los Angeles,70913,Kayle Robinson
218,Hector Walker,332-639-5433,Systems Analyst,Columbus,98764,Lucy Ramirez
219,Mia Smith,657-718-3899,Database Administrator,San Diego,95232,NoraJoe White
220,Ella Howard,267-862-7268,Facilities Manager,Fort Worth,46710,Lucy Ramirez
221,Alexander Clark,346-351-2839,Accountant,Denver,81558,Mason Kelly
222,Oliver Rogers,551-361-9518,Digital Marketing Specialist,Dallas,81023,Sam Peterson
223,Noah Wilson,247-955-6782,SEO Analyst,Chicago,108698,Lucy Edwards
224,Aqua Smith,621-533-9540,Event Planner,Washington D.C.,18713,Leah Johnson
225,Leah Perez,326-567-7533,Systems Administrator,Los Angeles,72897,Kayle Torres
226,Ben Long,457-652-8940,Technical Support Specialist,Washington D.C.,65562,Ella Howard
227,Sophie Martinez,886-570-7013,Business Development Manager,Columbus,50531,Elijah Cook
228,Skylar Sanders,886-860-7260,Corporate Trainer,San Francisco,24988,Hector Williams
229,Harry Lee,444-347-5988,DevOps Engineer,Indianapolis,106051,Natalie Hill
230,Isaiah Long,793-356-9478,E-commerce Specialist,San Jose,51388,Harper Powell
231,Isabella Miller,939-847-9898,Human Resources Manager,San Jose,112625,Grace Martin
232,Kayle Adams,934-636-1518,Corporate Trainer,Phoenix,122165,Violet Powell
233,Quinn Sanders,671-453-9823,Human Resources Manager,Austin,40133,Sophia Barnes
234,Zoey Rivera,139-303-8250,Retail Manager,Fort Worth,129211,Chris Mitchell
235,Ruby Evans,377-981-1008,SEO Analyst,Fort Worth,73110,NoraJoe Martin
236,Clara Perez,228-781-2152,Data Scientist,Indianapolis,29179,Leah Edwards
237,Liam Sanchez,355-654-5387,Business Development Manager,Denver,109047,Scarlett Price
238,Lillia Robinson,718-237-4699,Project Manager,Los Angeles,129005,Lucy Ramirez
239,Zoey Patterson,433-692-7046,Customer Support Specialist,Phoenix,59622,Morgana Williams
240,Morgana Murphy,200-385-5159,Market Research Analyst,Washington D.C.,76482,Chris Hall
241,Ethan Garcia,168-733-9522,Training and Development Manager,Charlotte,24396,Isaiah Hernandez
242,Peyton Powell,356-328-6550,DevOps Engineer,Columbus,98413,Lucy Edwards
243,Autumn Simmons,668-691-8887,Hardware Engineer,Jacksonville,43884,Amelia Wright
244,Robert Jenkins,801-157-3622,Quality Assurance Tester,San Jose,75718,Lucy Ramirez
245,Emma Sanders,994-671-9622,UX/UI Designer,Fort Worth,61947,Jackson Martin
246,Daniel Mitchell,864-570-9570,Network Engineer,Philadelphia,104736,Mason Kelly
247,Luke Johnson,143-391-9835,Systems Administrator,San Diego,92746,Ella Cox
248,Ellie Bennett,944-787-6189,Systems Analyst,Phoenix,122699,Ben Hall
249,Alexander Turner,855-608-5292,Pharmaceutical Sales Representative,Charlotte,63412,Elias Turner
250,Peyton Henderson,405-631-4754,Public Relations Specialist,Los Angeles,91230,Peyton Powell
251,Natalie Watson,548-278-3496,DevOps Engineer,Charlotte,80285,Wyatt Baker
252,William Miller,110-399-8498,Retail Manager,Philadelphia,86381,Grace Martin
253,Matt Hughes,258-624-2419,Event Planner,Charlotte,10482,William Kelly
254,NoraJoe Flores,656-351-3475,Quality Assurance Tester,San Jose,49017,Anthony Brooks
255,Liam Bennett,764-456-2172,Social Media Manager,Jacksonville,112552,Violet Peterson
256,Robert Coleman,352-362-2935,Database Administrator,Dallas,55411,Matt Richardson
257,Dylan Wood,430-109-9575,Data Scientist,Indianapolis,34374,Natalie Ross
258,David Lopez,133-356-7475,IT Consultant,New York,103743,Lily Harris
259,Evelyn Hall,194-905-7973,Systems Administrator,Los Angeles,36224,Elijah Cook
260,Owen Collins,340-220-6818,Operations Manager,Jacksonville,14845,Skylar Henderson
261,Wyatt Sanders,536-972-4486,Cloud Solutions Architect,New York,19092,Clara Miller
262,John Brooks,400-671-4272,Systems Administrator,Phoenix,66779,Chris Lopez
263,Maddy Baker,315-359-1725,Training and Development Manager,Fort Worth,50014,Isabella Flores
264,Noah Parker,110-976-5378,Market Research Analyst,San Antonio,20607,Harry Moore
265,Raelynn Barnes,324-253-3565,Event Planner,New York,69561,Lucas Garcia
266,Jackson Simmons,992-586-4052,UX/UI Designer,Indianapolis,89540,Natalie Ross
267,Robert Howard,939-606-7649,Network Engineer,Houston,108606,Matt Lewis
268,Ellie Bailey,336-429-4567,SEO Analyst,Fort Worth,111082,Chris Lopez
269,Abigail Parker,624-546-7093,Cloud Solutions Architect,San Francisco,45921,Liam Sanchez
270,Violet Parker,802-527-6368,Software Tester,San Jose,38443,Morgana Barnes
271,Lillia Powell,109-226-4959,Graphic Designer,New York,113903,Leah Roberts
272,Lillia Ross,235-412-6840,Cloud Solutions Architect,Fort Worth,138049,Lucy Robinson
273,Micheal Clark,314-684-7663,Content Writer,Washington D.C.,23181,Natalie Watson
274,Emma Perry,690-980-1401,Hardware Engineer,San Antonio,73749,Mia Torres
275,Luke Baker,379-529-8389,Social Media Manager,Denver,23123,Clara Miller
276,Quinn Edwards,329-740-2822,Business Development Manager,Charlotte,40977,Liam Barnes
277,Ethan Patterson,824-371-4977,Software Tester,Seattle,109297,Lily Bailey
278,Oliver Clark,387-744-5646,Marketing Manager,Washington D.C.,118132,Daniel Patterson
279,Scarlett Cox,922-127-1609,Systems Administrator,Phoenix,108996,Skylar Phillips
280,NoraJoe Roberts,470-930-7112,Recruitment Consultant,Seattle,25983,William Kelly
281,Clara Cox,572-293-6164,Operations Manager,Los Angeles,42639,John Clark
282,Quinn Rodriguez,519-889-6873,Product Manager,Austin,47666,Lillia Ross
283,Layla Cooper,544-482-4665,Content Writer,Fort Worth,60560,Mason Kelly
284,Amanda Brooks,280-969-3789,Technical Support Specialist,Chicago,138701,Lillia Robinson
285,Henry Allen,361-748-7738,Compliance Officer,Denver,70793,Luke Johnson
286,Autumn Perez,110-767-9863,Data Scientist,Denver,72825,Emma Hall
287,Hector Scott,797-876-1575,Accountant,Phoenix,92155,Kayle Torres
288,Harper Hall,863-319-6990,Business Development Manager,Dallas,114317,Amelia Wright
289,Ava Rodriguez,728-921-7629,IT Consultant,Phoenix,120163,Quinn Kelly
290,Henry Reed,979-217-3565,Financial Analyst,Phoenix,39283,Carter Richardson
291,Quinn Lopez,753-654-5448,Marketing Manager,Washington D.C.,85242,Stella Young
292,Ellie Torres,936-987-5225,Operations Manager,Seattle,40575,Anna Jenkins
293,Zoey Miller,582-798-3256,Graphic Designer,Philadelphia,77858,Lily Bailey
294,Ruby Henderson,279-461-9776,Recruitment Consultant,Chicago,42518,Quinn Rodriguez
295,Zoey Walker,989-136-4461,Sales Representative,Indianapolis,46243,Leah Perez
296,Ava Green,734-959-5987,Technical Support Specialist,Charlotte,91191,Peyton Powell
297,Luke Murphy,606-344-3076,Public Relations Specialist,Los Angeles,82791,Lucy Ramirez
298,Henry Lee,980-931-1441,Mobile App Developer,New York,119310,Stella Wood
299,Sophie Ward,776-482-9626,Network Engineer,Dallas,86012,Ellie Bailey
300,Ruby Wright,603-569-6312,Retail Manager,San Francisco,73642,Thomas Scott
301,Leslie Cox,678-921-2938,Accountant,New York,70513,Natalie Ross
302,John Ross,665-362-8337,Technical Support Specialist,Los Angeles,51696,Luke Barnes
303,Leslie Rivera,807-673-4231,Recruitment Consultant,San Jose,112111,Ethan Garcia
304,Evelyn Washington,172-981-9415,Pharmaceutical Sales Representative,San Diego,58570,Luke Murphy
305,Ella Wilson,902-119-9842,Product Manager,Fort Worth,29942,Leslie Rivera
306,Mia Campbell,555-974-8707,Database Administrator,Seattle,77470,Quinn Edwards
307,Abigail Wilson,332-524-9396,Recruitment Consultant,Philadelphia,136479,Clara Perez
308,Stella Rogers,835-161-2470,Network Engineer,Houston,125881,Amelia Martin
309,Owen Rogers,454-665-1218,Data Scientist,Fort Worth,68132,Alexander Roberts
310,Owen Ramirez,245-770-9831,Systems Analyst,Chicago,22065,Quinn Stewart
311,Quinn Powell,640-873-2332,DevOps Engineer,New York,52888,Maddy Stewart
312,Belle Richardson,705-737-8032,Systems Administrator,Chicago,116111,Belle Richardson
313,Alexander Lopez,163-906-1174,HR,San Jose,137872,Clara Parker
314,Abigail Watson,545-394-1611,Customer Support Specialist,San Diego,40505,Isabella Hill
315,Lucas Peterson,688-723-5231,Corporate Trainer,Fort Worth,56807,John Harris
316,Dylan Barnes,409-854-1800,Product Manager,San Diego,39193,Ava Green
317,Maddy Torres,996-850-1838,Recruitment Consultant,San Diego,73633,John Gray
318,Robert Lewis,622-652-5924,Project Manager,Washington D.C.,122557,NoraJoe Martin
319,Emma Reed,842-193-4364,Facilities Manager,Houston,99766,Zoey Walker
320,Noah Evans,496-516-5629,Training and Development Manager,Fort Worth,113330,Ellie Brown
321,Ellie Wilson,241-443-1460,IT Consultant,Dallas,26624,William Miller
322,Robert Scott,678-853-4686,Social Media Manager,Jacksonville,53874,Ruby Evans
323,Chloe Washington,136-852-7897,Legal Advisor,Denver,139592,Isaiah Moore
324,Anthony Sanders,182-803-1939,Content Strategist,Denver,120710,Sam Peterson
325,Mason Long,604-631-5228,Content Writer,Dallas,59435,Chloe Brooks
326,Leah Collins,231-865-8329,Hardware Engineer,San Francisco,79247,Olivia Nelson
327,Hector Harris,132-211-4823,Market Research Analyst,Austin,76634,Peyton Henderson
328,Ben Harris,662-918-3269,SEO Analyst,Fort Worth,71411,Zoey Miller
329,Vin Jones,928-112-9749,HR,Austin,125458,Ruby Wright
330,Elijah Stewart,471-741-9713,Supply Chain Analyst,Seattle,106579,Peyton Cooper
331,Isabella King,657-780-2046,Human Resources Manager,Seattle,107548,Kayle Martinez
332,Lillia Henderson,636-190-2557,Business Development Manager,Austin,115453,Vin Jones
333,Lillia Jones,674-164-2194,Database Administrator,San Antonio,15046,NoraJoe Flores
334,Peyton Brooks,672-448-8303,IT Consultant,Washington D.C.,19795,Ava Collins
335,Thomas Ward,475-418-5735,Business Development Manager,Chicago,55781,Peyton Brooks
336,Dylan Lopez,299-995-9048,Marketing Manager,San Diego,98659,Owen Collins
337,Peyton Hughes,279-314-1363,Network Engineer,Charlotte,85580,Jackson Simmons
338,Violet Taylor,922-981-2238,Supply Chain Analyst,San Antonio,62184,Clara Brown
339,Chloe Sanchez,674-338-3318,E-commerce Specialist,Charlotte,55956,Chris Mitchell
340,Leah Lee,191-166-6722,Pharmaceutical Sales Representative,San Diego,36869,Kayle Roberts
341,Amelia Miller,290-640-9065,Editorial Assistant,Dallas,108706,Kayle Martinez
342,Micheal Coleman,907-261-2394,Systems Administrator,San Diego,87154,Matt Lewis
343,Elijah Martin,874-810-4752,Content Writer,Seattle,103022,Luke Murphy
344,Micheal King,239-293-4790,Operations Manager,Chicago,77369,Quinn Lopez
345,Kayle King,725-106-2010,Systems Administrator,San Francisco,125159,Lillia Wood
346,Maddy Collins,593-772-1150,Software Tester,Washington D.C.,38577,Peyton Hughes
347,Ben Martin,977-537-5605,Business Development Manager,San Diego,101688,Stella Wood
348,Amanda Henderson,186-547-4869,Data Scientist,Denver,36896,Abigail Baker
349,Thomas Green,262-934-7236,Social Media Manager,Houston,96305,Micheal Jones
350,Olivia Walker,887-904-7367,Accountant,Phoenix,27300,Luke Moore
351,Peyton Martinez,939-190-7142,Supply Chain Analyst,San Jose,117291,Chris Turner
352,Leah Wright,554-314-3714,Accountant,New York,33762,Oliver Rogers
353,Lucy Martin,628-667-5657,Corporate Trainer,Phoenix,102340,Leah Lee
354,Skylar Morris,389-504-2315,Operations Manager,San Diego,97488,Skylar Sanders
355,Ava Cooper,755-144-6694,Product Manager,San Antonio,134647,Kayle Robinson
356,Leslie Wright,220-697-2998,Legal Advisor,Los Angeles,94402,William Kelly
357,Wyatt Lee,890-131-7436,E-commerce Specialist,Phoenix,61171,Isaiah Martin
358,Leah Rodriguez,833-208-6883,DevOps Engineer,Houston,99877,Owen Ramirez
359,Micheal Ward,525-121-9407,Financial Analyst,Indianapolis,98906,Skylar Morris
360,Sam Brown,552-485-3955,Market Research Analyst,Phoenix,121571,Thomas Green
361,Grace Watson,894-348-7241,Mobile App Developer,Los Angeles,124134,Isabella Green
362,Elias Coleman,762-895-4195,Market Research Analyst,Seattle,83972,Evelyn Murphy
363,Natalie Lewis,444-258-5539,Project Manager,Columbus,137744,Owen Ramirez
364,Amanda Simmons,160-137-4523,Market Research Analyst,Phoenix,67963,Leah Wright
365,James Wood,866-976-4235,Business Analyst,Fort Worth,78856,Quinn Ward
366,Isabella Cox,567-636-4113,Content Strategist,Philadelphia,131422,Anna Moore
367,Amelia Coleman,665-537-1477,Facilities Manager,San Francisco,76769,Kayle Roberts
368,Chloe Jenkins,495-568-7840,Training and Development Manager,Denver,110752,Ben Harris
369,David Scott,751-430-1728,Sales Representative,Denver,69132,Sam Brown
370,Aria Reed,314-135-1362,Database Administrator,San Antonio,28182,Leah Johnson
371,Sophie Garcia,242-629-2425,Cloud Solutions Architect,Philadelphia,67207,Quinn Lopez
372,Thomas Mitchell,243-885-5345,Human Resources Manager,Fort Worth,59605,Peyton Martinez
373,Maddy Ross,719-417-8366,DevOps Engineer,Dallas,119455,Lucas Jones
374,Isaiah Richardson,344-531-3115,UX/UI Designer,San Jose,15188,Grace Martin
375,Leah Anderson,473-302-6792,Compliance Officer,Phoenix,139648,Zoey Patterson
376,Chris Nelson,521-945-6251,Technical Support Specialist,Los Angeles,86302,Raelynn Young
377,Harry Perez,295-590-2624,IT Consultant,New York,107253,Noah Wilson
378,Daniel Williams,617-152-5820,Facilities Manager,Austin,48585,Ethan Roberts
379,Amanda Rivera,556-854-6370,Training and Development Manager,Austin,137507,Chris Lee
380,Alexander Morris,492-347-3227,DevOps Engineer,New York,48037,Natalie Anderson
381,Lillia Wilson,855-811-8707,SEO Analyst,San Diego,71587,Oliver Ramirez
382,Aiden Kelly,689-898-3309,Pharmaceutical Sales Representative,Phoenix,138563,Owen Simmons
383,Dylan Clark,974-476-5689,Product Manager,New York,68079,Scarlett Campbell
384,Jacob Hernandez,674-613-4285,Web Developer,Austin,89384,Logan Gonzalez
385,Amanda Hughes,586-611-1331,Web Developer,Austin,23255,Lily Robinson
386,Anthony Edwards,794-293-8483,Software Engineer,Philadelphia,72158,Zoey Walker
387,Sophie Torres,487-346-8448,Systems Analyst,San Diego,10640,Ella Wilson
388,Kayle Howard,437-522-3029,Content Writer,Seattle,17953,Evelyn Hall
389,Isaiah Morris,646-104-7849,Supply Chain Analyst,Fort Worth,48168,Chris Lee
390,Isaiah Wilson,112-443-5058,Product Manager,San Francisco,82877,Amelia Jenkins
391,Skylar Cox,267-812-5307,DevOps Engineer,San Jose,103526,Isabella King
392,Abigail Evans,539-506-7398,Compliance Officer,Washington D.C.,78972,Olivia Nelson
393,Scarlett Clark,424-676-1281,Accountant,Fort Worth,80152,Leah Johnson
394,Lillia Clark,501-791-6264,Insurance Underwriter,Washington D.C.,50132,Leah Allen
395,Hector Roberts,172-202-9138,Recruitment Consultant,Charlotte,114489,Jackson Simmons
396,Daniel Perry,583-631-6672,Market Research Analyst,Philadelphia,96840,David Simmons
397,Robert Hall,900-138-7687,Editorial Assistant,Dallas,19254,Peyton Henderson
398,Alexander Rivera,710-963-3729,Content Writer,San Francisco,74946,Daniel Patterson
399,David Harris,209-246-7706,Product Manager,Seattle,89334,Isaiah Moore
400,Ella Wood,756-602-3510,Training and Development Manager,Austin,73017,Owen Young
401,Ellie Parker,773-998-4749,Software Engineer,New York,46865,Amelia Wright
402,Jacob King,602-276-9520,Mobile App Developer,Houston,20551,Thomas Phillips
403,Belle Washington,901-786-5589,Systems Analyst,San Diego,110594,Ellie Bennett
404,NoraJoe Clark,471-573-3303,Pharmaceutical Sales Representative,Seattle,68109,David Brooks
405,Dylan Cox,608-665-2968,Cloud Solutions Architect,New York,127591,Ellie Parker
406,Autumn Brown,931-142-8879,SEO Analyst,Dallas,118922,Lucy Edwards
407,Elijah Washington,440-957-6856,Quality Assurance Tester,Charlotte,35017,Amanda Hall
408,Zoey Smith,413-331-4089,Accountant,New York,60002,Noah Evans
409,Sophie Phillips,228-143-8743,Operations Manager,Dallas,63440,Harry Lee
410,Morgana Ramirez,893-810-2631,Insurance Underwriter,Dallas,66098,Robert Coleman
411,Belle White,756-736-9528,E-commerce Specialist,Washington D.C.,125729,Robert Coleman
412,Alexander Williams,704-833-3640,Retail Manager,Charlotte,133335,David Lopez
413,Luke Hernandez,681-102-3326,Recruitment Consultant,New York,62189,Leah Johnson
414,Andy Roberts,317-703-2840,Research Scientist,San Diego,22521,Sam Brown
415,Skylar Davis,718-753-2843,Pharmaceutical Sales Representative,Philadelphia,94122,Ethan Roberts
416,Sam Roberts,715-749-7077,Business Analyst,Seattle,67432,Micheal Clark
417,Elijah Patterson,155-992-3348,Software Engineer,Philadelphia,40975,Lucy Robinson
418,Andy Harris,517-433-5906,Training and Development Manager,Denver,100384,Sam Peterson
419,Sophie Long,570-250-6477,Recruitment Consultant,Charlotte,108734,Quinn Sanders
420,Harper Wood,264-691-4671,Operations Manager,San Antonio,75134,Anthony Martin
421,Harry Murphy,118-950-3467,Human Resources Manager,New York,31364,NoraJoe White
422,Richard Johnson,235-747-4415,Cloud Solutions Architect,San Diego,131723,Ben Long
423,David Walker,973-726-2988,Systems Administrator,Charlotte,70840,Grace Moore
424,NoraJoe Sanders,254-651-1160,Financial Analyst,Austin,58353,Chris Hernandez
425,Natalie Butler,702-248-1264,Software Engineer,Dallas,109843,Emma Perry
426,Matt Mitchell,206-926-9818,E-commerce Specialist,Washington D.C.,113313,Hector Rivera
427,Henry Coleman,232-881-9624,Content Writer,Columbus,128218,James Wilson
428,Sophia Adams,598-218-6002,Human Resources Manager,Indianapolis,135213,Morgana Barnes
429,Hazel Price,478-756-1513,Software Engineer,New York,34277,Quinn Edwards
430,Matt Bennett,149-894-3149,Public Relations Specialist,Houston,27540,Lucy Henderson
431,Scarlett Gray,925-289-8300,Corporate Trainer,Fort Worth,98224,Micheal Coleman
432,Quinn Martin,857-995-1912,Facilities Manager,Chicago,84305,Chris Hernandez
433,Sophie Allen,388-392-2035,Operations Manager,Houston,57484,Wyatt Lee
434,Aria Rogers,191-173-3672,Recruitment Consultant,Dallas,18895,Layla Wright
435,Layla Rivera,126-459-4344,Human Resources Manager,Charlotte,124307,Natalie Butler
436,Ruby King,884-851-9205,Cloud Solutions Architect,New York,80019,Mia Torres
437,Emma Ross,144-196-2942,Network Engineer,Jacksonville,136139,Robert Lewis
438,Mia Patterson,344-480-5940,DevOps Engineer,San Diego,98484,William Kelly
439,Ellie Jones,456-935-9842,Hardware Engineer,Seattle,11240,Amanda Phillips
440,Thomas Jones,960-952-3294,Customer Support Specialist,Phoenix,13414,Olivia Walker
441,Ethan Jenkins,663-115-6869,Legal Advisor,New York,64344,Kayle Martinez
442,Mia Butler,623-416-4730,Business Analyst,San Diego,136491,Quinn Stewart
443,Lillia Martinez,312-788-9898,Digital Marketing Specialist,Denver,108006,Henry Coleman
444,Layla Cook,776-762-3246,Legal Advisor,San Diego,22601,Mia Patterson
445,David Hall,597-750-2030,Market Research Analyst,Charlotte,130199,Leah Allen
446,Maddy Sanders,849-317-5688,Project Manager,Columbus,112629,Lucy Martin
447,Isaiah Butler,696-109-5485,Facilities Manager,Jacksonville,124514,Jacob King
448,Lucas Brown,612-775-9042,HR,New York,131203,Quinn Lopez
449,Lillia Howard,314-765-2712,Systems Analyst,New York,120472,Skylar Morris
450,Kayle Patterson,845-399-8762,Quality Assurance Tester,New York,108424,Mason Kelly
451,Dylan Ramirez,727-591-8512,DevOps Engineer,Jacksonville,121340,Maddy Flores
452,Autumn Lee,607-936-4886,Event Planner,Philadelphia,135077,Isaiah Moore
453,Harry Simmons,402-656-3548,Quality Assurance Tester,Philadelphia,53887,Isabella Green
454,Skylar Campbell,417-711-4004,Database Administrator,Houston,120694,Sophie Howard
455,Natalie King,383-201-5646,Business Analyst,Chicago,33418,Isaiah Morris
456,Scarlett Evans,479-793-5791,Quality Assurance Tester,Denver,17697,Vin Jones
457,John Moore,900-672-9009,Digital Marketing Specialist,Houston,67478,Elias Butler
458,Lucas Thompson,925-633-8426,Corporate Trainer,Seattle,59737,Ella Smith
459,Belle Long,572-438-4043,Cloud Solutions Architect,Seattle,116465,Alexander Turner
460,Scarlett Gonzalez,462-746-6261,Sales Representative,Denver,113449,Skylar Sanders
461,Thomas Richardson,512-774-9582,Database Administrator,Austin,117300,Owen Ramirez
462,Zoey Wright,700-356-2259,Supply Chain Analyst,New York,130655,Harper Anderson
463,Matt Coleman,573-609-8144,Business Development Manager,San Francisco,125031,Layla Cooper
464,David Ross,924-463-5063,Web Developer,Chicago,113339,Zoey Wright
465,Peyton Turner,731-662-4074,Quality Assurance Tester,San Diego,127314,Skylar Davis
466,Kayle Price,146-577-8034,Customer Support Specialist,Chicago,35451,Mason Long
467,Sophia Harris,839-386-5302,Mobile App Developer,Los Angeles,108749,Alexander Lopez
468,Abigail White,321-386-5247,Web Developer,New York,121617,Micheal Watson
469,Peyton Phillips,405-939-2564,Systems Administrator,Indianapolis,83939,Ellie Bennett
470,Aqua Campbell,384-228-2483,Facilities Manager,San Jose,108500,Lucas Jones
471,Andy Peterson,830-923-2194,Accountant,Jacksonville,47072,Dylan Lopez
472,Lucy King,142-540-7499,Legal Advisor,Phoenix,104229,Richard Johnson
473,Lucy Flores,928-563-7426,Pharmaceutical Sales Representative,San Jose,86287,Natalie Lewis
474,Ben Hernandez,472-730-3208,Graphic Designer,Houston,36425,Sophie Ward
475,William Roberts,149-806-2074,Research Scientist,New York,52703,Harry Simmons
476,Emma Anderson,568-588-9535,Sales Representative,Dallas,67044,Lillia Henderson
477,Anna Nelson,674-702-7548,Mobile App Developer,Washington D.C.,109026,Lucy Henderson
478,Luke Jenkins,709-363-4156,Retail Manager,Fort Worth,129464,Harry Martin
479,Hector Mitchell,347-647-7829,Event Planner,Indianapolis,21617,Anthony Brooks
480,Chloe Murphy,305-159-2541,Insurance Underwriter,Chicago,108492,Anthony Adams
481,Aria Brown,382-830-4065,Systems Administrator,Denver,128200,Vin Allen
482,Morgana Kelly,578-283-3420,Marketing Manager,Columbus,50772,Mason Ward
483,Aiden Harris,742-643-8810,Database Administrator,San Diego,17730,Lucy Martin
484,Sophia Parker,569-597-1390,UX/UI Designer,Phoenix,119048,Ellie Baker
485,Violet Watson,312-117-4912,UX/UI Designer,Jacksonville,99322,Oliver Hill
486,Carter Nelson,218-516-4956,Software Engineer,Denver,59498,Ben Hall
487,Jacob Peterson,673-984-4479,Business Analyst,Denver,108791,NoraJoe Sanders
488,Emma Sanchez,644-213-4073,Technical Support Specialist,Seattle,84329,Leslie Rivera
489,Leah Torres,391-866-9556,Technical Support Specialist,Charlotte,24090,Owen Simmons
490,Sophia Perry,385-467-2912,Content Strategist,Philadelphia,138752,Anna Jenkins
491,Layla King,495-176-3153,Systems Administrator,Washington D.C.,82511,Elias Coleman
492,Aiden Garcia,928-982-6855,Business Development Manager,Washington D.C.,122182,Lucas Bailey
493,Lillia Turner,576-835-5844,Technical Support Specialist,Dallas,114479,Micheal Coleman
494,Ethan Lopez,276-558-3535,Cloud Solutions Architect,New York,29792,Lucas Garcia
495,Scarlett Hall,649-766-5414,Software Tester,Washington D.C.,24703,Skylar Campbell
496,Alexander Bailey,304-166-5551,Quality Assurance Tester,Phoenix,53241,Zoey Thompson
497,Hazel Brooks,361-574-4096,E-commerce Specialist,San Diego,70799,Scarlett Price
498,Oliver Davis,601-915-4856,Retail Manager,New York,135006,Scarlett Price
499,Sophia Peterson,461-395-1935,Compliance Officer,San Diego,20580,Aiden Turner
500,Matt Taylor,939-535-6365,Training and Development Manager,Denver,120315,Isaiah Martin
501,Autumn Walker,630-176-4730,Editorial Assistant,Jacksonville,105678,Clara Miller
502,Anna Thompson,138-995-1540,Mobile App Developer,San Diego,118516,Anna Moore
503,Ruby Garcia,313-495-9762,DevOps Engineer,Dallas,12678,Kayle King
504,Grace Anderson,609-465-7284,Network Engineer,San Francisco,93622,Alexander Bailey
505,Jacob Mitchell,140-353-3312,Accountant,Washington D.C.,19919,Maddy Collins
506,Lucy Cooper,589-879-2451,Pharmaceutical Sales Representative,Denver,69402,John Gray
507,Ethan Ramirez,186-639-7029,HR,Indianapolis,77471,Olivia Jones
508,Violet Howard,996-660-4391,Content Strategist,Houston,63745,Emma Sanders
509,Lily Wood,418-992-7170,Market Research Analyst,Philadelphia,103791,Lucy Flores
510,Stella Williams,682-296-7572,Financial Analyst,San Diego,128301,Lucy Edwards
511,Sam Harris,433-144-9274,Hardware Engineer,Washington D.C.,90716,Lucy Robinson
512,Chris Martinez,176-213-9482,Product Manager,Indianapolis,95628,Amanda Brooks
513,James Rivera,299-129-2615,Sales Representative,Austin,72516,Emma Hall
514,Dylan Long,280-800-8167,SEO Analyst,Denver,18550,Zoey Wright
515,Natalie Taylor,590-297-5686,Systems Analyst,San Jose,49441,Isaiah Moore
516,Hazel Sanders,151-986-1750,Corporate Trainer,Jacksonville,134434,Hazel Martin
517,Noah Rogers,165-182-5545,Research Scientist,New York,32334,Sam Brown
518,Oliver Cook,588-939-4889,DevOps Engineer,Washington D.C.,38510,Chris Turner
519,Emma Rivera,662-943-9997,Business Analyst,Jacksonville,41296,Quinn Evans
520,Anthony Perry,518-492-9371,Business Analyst,Jacksonville,36112,Amanda Rivera
521,Violet Stewart,789-698-5067,Sales Representative,Philadelphia,52434,Zoey Smith
522,Violet Barnes,368-309-8346,Quality Assurance Tester,Jacksonville,81797,Liam Sanchez
523,Liam Hernandez,163-400-7201,Insurance Underwriter,Philadelphia,59013,Lily Perez
524,Emma Nelson,840-776-8576,Customer Support Specialist,San Jose,111935,Chris Martinez
525,Mia Henderson,350-143-6623,Software Tester,Fort Worth,79372,Jackson Bennett
526,Autumn Wood,470-583-9445,HR,Los Angeles,105686,William Hall
527,Anna White,804-742-4016,Retail Manager,Jacksonville,19377,Kayle Price
528,Ethan Baker,600-465-9753,Systems Administrator,Phoenix,15245,Aria Clark
529,Aiden Cook,763-844-9758,Facilities Manager,San Diego,64955,Robert Howard
530,Henry Johnson,813-641-2977,Data Scientist,Seattle,39764,Anthony Brooks
531,Isaiah Collins,640-731-5424,Cloud Solutions Architect,Denver,64263,Scarlett Cox
532,Scarlett Harris,622-872-1254,Quality Assurance Tester,Los Angeles,86359,Natalie Ross
533,Peyton Flores,676-239-9481,Product Manager,Philadelphia,35005,Leah Torres
534,Luke White,611-131-9708,IT Consultant,Seattle,100066,Evelyn Parker
535,James Allen,913-826-4154,Graphic Designer,Columbus,83635,Alexander Morris
536,Elijah Murphy,955-149-1052,Technical Support Specialist,Philadelphia,62376,Abigail Turner
537,Peyton Wright,665-462-1287,IT Consultant,Chicago,25128,Morgana Murphy
538,William Barnes,894-199-3245,Product Manager,Washington D.C.,139069,Luke Johnson
539,Logan Price,902-422-6225,Digital Marketing Specialist,Philadelphia,45762,Robert Scott
540,Anna Cooper,122-470-9142,IT Consultant,Columbus,13278,Leah Johnson
541,Isabella Johnson,760-237-3304,Technical Support Specialist,San Francisco,131439,Ava Rodriguez
542,Layla Perez,707-959-1938,Market Research Analyst,Philadelphia,13640,Belle Long
543,Peyton Sanchez,188-352-8847,E-commerce Specialist,Houston,13774,Leah Anderson
544,Clara Wright,148-749-1545,Hardware Engineer,Dallas,109536,Noah Rogers
545,Vin Turner,221-239-2580,Digital Marketing Specialist,Austin,43621,Amanda Simmons
546,Skylar Mitchell,584-903-4750,Event Planner,Houston,39112,John Moore
547,Harper Cox,275-325-9462,Systems Administrator,Chicago,11163,Daniel Green
548,Maddy Barnes,203-658-7687,Sales Representative,Houston,121509,Maddy Stewart
549,Clara Martin,987-177-1610,Network Engineer,Los Angeles,46475,Wyatt Price
550,Robert Cooper,695-754-7899,Project Manager,Fort Worth,18560,Noah Evans
551,Owen Campbell,648-214-9727,Systems Analyst,San Francisco,61473,Olivia Walker
552,Harry Wood,772-929-9675,Accountant,Chicago,45911,Luke Moore
553,Belle Smith,522-977-9450,Insurance Underwriter,San Francisco,134365,Violet Peterson
554,Carter Harris,666-824-5843,Corporate Trainer,Chicago,20947,Logan Barnes
555,Stella Cox,710-385-7078,Financial Analyst,Charlotte,111482,Zoey Wright
556,Owen Hill,547-710-1645,Corporate Trainer,New York,84134,Leah Roberts
557,Wyatt Walker,868-690-5398,Public Relations Specialist,Austin,65590,Anna Thompson
558,Luke Sanders,213-573-6730,Compliance Officer,San Diego,114446,Henry Allen
559,Amelia Lee,305-635-6277,HR,San Diego,95001,Quinn Lopez
560,Hazel Wright,377-772-2352,Software Engineer,Jacksonville,29140,Isaiah Hernandez
561,Layla Perry,213-619-4146,Research Scientist,Washington D.C.,20890,Anthony Perry
562,Scarlett Cook,894-986-9492,Digital Marketing Specialist,San Antonio,98599,Vin Jones
563,Elijah Taylor,358-527-9567,Network Engineer,New York,37209,Dylan Wood
564,Autumn Bennett,147-988-6274,HR,Houston,128003,Micheal Ward
565,Daniel Price,569-773-8017,Systems Analyst,New York,78142,Lucy Ramirez
566,Isabella Henderson,878-125-8338,Insurance Underwriter,Phoenix,137464,Maddy Simmons
567,Elias Adams,186-919-2918,Human Resources Manager,Phoenix,93285,Grace Adams
568,Leah Wilson,724-189-5374,Systems Analyst,San Antonio,67128,Sophie Torres
569,Lillia Anderson,459-224-1098,Business Analyst,Philadelphia,38759,Sam Peterson
570,Carter Ward,277-552-8589,Human Resources Manager,San Jose,33338,Stella Wood
571,Layla Lee,346-114-1812,UX/UI Designer,New York,137406,Jacob Peterson
572,Elijah Baker,797-307-2258,Customer Support Specialist,Seattle,136481,Elias Coleman
573,Ethan Martinez,639-713-6486,Technical Support Specialist,Washington D.C.,62903,Skylar Campbell
574,Hector Barnes,711-752-1446,E-commerce Specialist,San Jose,95518,Carter Nelson
575,Lily Henderson,616-687-2130,SEO Analyst,Charlotte,106632,Lucas Bailey
576,John Lewis,526-910-3879,Content Writer,Indianapolis,98629,James Wilson
577,Skylar Harris,231-727-1730,Web Developer,San Jose,101520,Luke Sanders
578,Harper Torres,219-252-4519,Pharmaceutical Sales Representative,Charlotte,73145,Leslie Wright
579,Lily Lopez,557-131-4396,Software Engineer,Houston,41940,Leah Anderson
580,Daniel Gray,313-877-7760,Project Manager,San Francisco,50861,Sophia Peterson
581,Ruby Baker,642-891-2986,Systems Analyst,Washington D.C.,128736,Lucy Henderson
582,Ella Clark,479-707-9115,Market Research Analyst,Seattle,126109,Scarlett Harris
583,Ethan Green,928-115-7646,Database Administrator,San Francisco,77640,Ella Cox
584,Maddy Wilson,428-516-9114,Systems Administrator,New York,73615,Ava Rodriguez
585,Carter Butler,469-199-7374,Technical Support Specialist,New York,109592,Henry Johnson
586,Lucy Gray,351-246-2828,SEO Analyst,Denver,118831,Anna Thompson
587,Liam Gray,825-962-3204,Event Planner,Philadelphia,132865,Peyton Brooks
588,Scarlett Edwards,674-945-4132,Content Writer,Phoenix,102477,Aiden Cook
589,John Wilson,393-956-9006,IT Consultant,Fort Worth,54279,Leah Moore
590,Sophia Simmons,509-413-5413,Editorial Assistant,Jacksonville,95226,Quinn Evans
591,Lucas Watson,597-267-5880,Hardware Engineer,Philadelphia,49170,Alexander Turner
592,Andy Kelly,655-678-7850,IT Consultant,Jacksonville,117302,Jackson Simmons
593,James Campbell,715-112-7930,Human Resources Manager,San Jose,71091,Andy Kelly
594,Morgana Martin,565-321-9268,SEO Analyst,Philadelphia,58245,Raelynn Young
595,Morgana Hill,412-574-8249,Insurance Underwriter,San Jose,36732,Aiden Cook
596,John Scott,416-838-8198,HR,San Antonio,33320,Dylan Cox
597,Ruby Ramirez,869-734-7247,HR,Jacksonville,28626,Scarlett Price
598,Lily Sanchez,153-366-5855,Social Media Manager,Dallas,22247,Skylar Harris
599,James Edwards,212-672-9720,Recruitment Consultant,Phoenix,111659,Scarlett Harris
600,Jacob Lopez,779-907-6316,Marketing Manager,Indianapolis,115251,Henry Lee
601,Evelyn Garcia,530-651-7053,Quality Assurance Tester,Columbus,48699,Carter Richardson
602,James Johnson,510-743-1411,Sales Representative,New York,115298,Logan Price
603,Hector Gonzalez,493-281-1548,Business Analyst,Phoenix,28173,David Lopez
604,Jacob Miller,681-617-2460,Sales Representative,Dallas,107304,Lucas Bailey
605,Ethan Parker,583-602-8623,Insurance Underwriter,Dallas,54490,Carter Ward
606,Maddy Adams,422-776-3079,E-commerce Specialist,Phoenix,36754,Luke Murphy
607,Micheal Hill,925-962-6181,Content Strategist,Dallas,38860,Lucas Brown
608,Elias Gray,926-903-7217,Business Analyst,San Francisco,134521,Olivia Walker
609,Matt Garcia,696-325-5584,Event Planner,Washington D.C.,106196,Harry Perez
610,Andy Gray,793-578-3286,Product Manager,San Jose,87644,Daniel Williams
611,Grace Harris,819-311-4090,Business Development Manager,Indianapolis,92540,Thomas Mitchell
612,Peyton Brown,277-634-9643,Technical Support Specialist,Houston,86478,Vin Allen
613,Ben Simmons,447-106-8110,Retail Manager,San Diego,119851,Elijah Stewart
614,NoraJoe Jenkins,288-304-1606,Cloud Solutions Architect,Phoenix,72142,Matt Lewis
615,Carter Gray,559-457-1436,IT Consultant,Washington D.C.,120919,Richard Ramirez
616,Micheal Barnes,559-172-2626,Cloud Solutions Architect,Washington D.C.,76868,Liam Sanchez
617,Ellie Patterson,549-958-6857,UX/UI Designer,San Diego,50250,Owen Young
618,Ben Cox,487-575-4538,Sales Representative,San Francisco,33165,Ethan Roberts
619,Belle Ross,573-333-2104,Research Scientist,Phoenix,110291,Lucy Flores
620,Richard Smith,319-801-7595,Marketing Manager,Jacksonville,25148,Harper Torres
621,Morgana Green,332-344-3320,Quality Assurance Tester,San Antonio,23290,Ava Garcia
622,Autumn Richardson,575-346-5415,Network Engineer,Seattle,102789,Isabella Rivera
623,Matt Lee,471-571-8678,Marketing Manager,Chicago,80291,NoraJoe Roberts
624,Skylar Gray,643-925-8962,Business Development Manager,Columbus,82932,Matt Garcia
625,Grace Phillips,524-507-9198,Business Analyst,Houston,18281,Grace Young
626,Leslie Williams,927-222-2442,Product Manager,Washington D.C.,41253,Lucy Gray
627,Quinn Bennett,790-147-4808,Legal Advisor,Fort Worth,54689,Quinn Martin
628,Morgana Thompson,915-278-3442,Event Planner,Indianapolis,18067,Alexander Clark
629,Aria Anderson,555-103-3153,UX/UI Designer,Chicago,45735,Leslie Cox
630,Hazel Edwards,348-348-2960,Compliance Officer,Denver,110123,Ethan Martinez
631,Henry Perez,736-665-9701,Content Strategist,Washington D.C.,132426,Mia Henderson
632,Hector Wright,775-960-5146,Insurance Underwriter,Houston,24025,Leah Allen
633,Violet Collins,864-316-2800,Database Administrator,Columbus,107702,William Roberts
634,Robert Williams,943-401-8126,Systems Analyst,Jacksonville,27371,Skylar Henderson
635,Mason Williams,864-308-3747,Network Engineer,San Jose,46299,Thomas Green
636,Oliver Ward,425-987-1735,HR,New York,85210,Maddy Evans
637,Ruby Gray,380-593-8250,Systems Administrator,Denver,72782,Robert Williams
638,Ellie Taylor,193-312-9353,E-commerce Specialist,San Antonio,81926,Morgana Hill
639,Matt Perez,927-974-2477,Supply Chain Analyst,Washington D.C.,95993,Robert Scott
640,Ellie Miller,344-674-8920,Supply Chain Analyst,Chicago,30657,Quinn Edwards
641,Jacob Butler,798-940-7350,Cloud Solutions Architect,Houston,121778,James Rivera
642,Hector Johnson,891-521-4405,Project Manager,Charlotte,39395,Autumn Wood
643,Ella Butler,239-692-8436,Mobile App Developer,San Francisco,132863,Belle Ross
644,Sophia Miller,603-113-4759,Supply Chain Analyst,San Antonio,95435,Lucy Flores
645,Isabella Powell,126-401-3500,Corporate Trainer,Phoenix,99062,NoraJoe Flores
646,Lucy Murphy,865-394-7793,Database Administrator,Charlotte,58059,Sophie Phillips
647,Ava Barnes,558-648-8212,Editorial Assistant,San Jose,48896,Ben Harris
648,Hector Hernandez,922-982-3682,Web Developer,Jacksonville,106309,Sophia Harris
649,Autumn Ramirez,941-576-4745,Systems Administrator,Jacksonville,108907,Autumn Bennett
650,Robert Barnes,166-220-8691,UX/UI Designer,San Francisco,117756,David Simmons
651,Sophia Jones,938-415-7399,Editorial Assistant,Dallas,62795,Chloe Jenkins
652,Lily Cooper,739-152-3628,Research Scientist,Columbus,112675,Logan Price
653,Leah Long,908-903-7382,SEO Analyst,Phoenix,109614,Leah Long
654,Layla Cox,295-429-7053,Social Media Manager,Columbus,99572,Andy Roberts
655,Thomas Campbell,250-454-1824,Legal Advisor,Chicago,115770,Isabella Rivera
656,Violet Henderson,727-795-5110,Software Tester,San Francisco,101449,Lucy Cooper
657,Hazel Long,948-320-1514,Business Analyst,Washington D.C.,14193,Grace Moore
658,Sophie Sanchez,743-661-5803,Software Engineer,Los Angeles,52117,Chris Collins
659,Kayle Hall,984-907-3036,Systems Administrator,Dallas,59682,Robert Hall
660,Clara Wilson,707-296-4594,Customer Support Specialist,San Diego,135769,Jackson Bennett
661,Ellie Adams,564-991-4315,Insurance Underwriter,Fort Worth,22849,James Edwards
662,Dylan Roberts,976-795-3266,Business Development Manager,San Diego,56465,Liam Rivera
663,Sam King,498-653-1917,Public Relations Specialist,Los Angeles,82927,Dylan Wood
664,Aiden Coleman,771-769-3667,Research Scientist,Denver,109682,Lily Robinson
665,Morgana Martinez,546-214-1824,Facilities Manager,Seattle,127592,Vin Jones
666,Elias Jenkins,385-261-3362,Data Scientist,New York,77162,Lucas Bailey
667,Elijah Lee,193-397-5164,Social Media Manager,Los Angeles,117776,Autumn Wood
668,Leah Bailey,982-282-1767,IT Consultant,Dallas,81636,Hector Wright
669,Isabella Lee,361-921-3899,Software Engineer,Phoenix,60181,Elias Turner
670,Carter Turner,219-126-9917,Product Manager,Los Angeles,94636,James Johnson
671,Anthony Henderson,584-578-8770,Business Analyst,San Diego,102992,Aria Rogers
672,Layla Watson,110-686-9622,Market Research Analyst,Seattle,108071,Peyton Brown
673,Ethan Hill,636-720-9727,Quality Assurance Tester,Dallas,12796,Zoey Wright
674,Amanda Flores,806-410-2818,E-commerce Specialist,Fort Worth,66015,Owen Hill
675,Carter Lopez,189-497-4155,Corporate Trainer,San Diego,37122,Evelyn Parker
676,Layla Coleman,616-979-1385,Recruitment Consultant,San Francisco,37920,Evelyn Washington
677,Robert Reed,433-254-9931,Research Scientist,Philadelphia,125333,Daniel Mitchell
678,Noah Price,708-978-5237,Mobile App Developer,Charlotte,71293,Emma Reed
679,Andy Moore,157-562-1095,Insurance Underwriter,Charlotte,91329,Maddy Sanders
680,Lily Stewart,145-685-7584,E-commerce Specialist,Columbus,73787,Violet Barnes
681,Ben Coleman,111-238-7011,UX/UI Designer,Charlotte,47902,Lillia Robinson
682,Sam Mitchell,168-316-3145,Quality Assurance Tester,Columbus,58688,Maddy Adams
683,Violet Bailey,497-916-7667,Supply Chain Analyst,Houston,113390,Ethan Garcia
684,Alexander Walker,292-481-5613,Operations Manager,Houston,34734,Alexander Clark
685,Jackson White,691-580-6029,Mobile App Developer,Philadelphia,119656,Lucy Martin
686,Lillia Garcia,452-712-9236,Public Relations Specialist,San Antonio,23738,Thomas Jones
687,Elias Hall,513-406-6641,Social Media Manager,Philadelphia,34799,Logan Nelson
688,Isaiah Kelly,202-456-9599,Event Planner,Indianapolis,102871,Ava Cooper
689,Matt Powell,172-501-1381,Graphic Designer,Columbus,84461,Mason Kelly
690,Jackson Morris,628-719-5651,Financial Analyst,Dallas,87266,Lucas Jones
691,Evelyn Wright,357-134-9203,SEO Analyst,Washington D.C.,94202,Kayle Adams
692,Ava Parker,255-472-3843,IT Consultant,Seattle,10745,Liam Sanchez
693,James Perez,537-994-4292,SEO Analyst,Chicago,120988,Clara Wilson
694,Amanda Jenkins,345-569-4158,Technical Support Specialist,Houston,30594,NoraJoe Martin
695,Matt Henderson,357-443-4830,Pharmaceutical Sales Representative,San Antonio,128801,Belle Long
696,Henry Roberts,449-514-7789,Systems Administrator,Charlotte,33285,Harper Stewart
697,Stella Reed,222-689-7084,Human Resources Manager,Houston,96556,Isabella Williams
698,Alexander Evans,985-483-1737,Marketing Manager,San Antonio,118021,Ruby Henderson
699,Ethan Sanders,468-808-5546,Digital Marketing Specialist,Fort Worth,28504,Oliver Ward
700,Robert Walker,547-381-1807,Sales Representative,Austin,98155,NoraJoe Clark
701,Ruby Barnes,664-479-9430,Quality Assurance Tester,Philadelphia,34375,Carter Nelson
702,Amelia Watson,719-199-5937,Corporate Trainer,Phoenix,55243,Harry Martin
703,Amelia Collins,269-567-2160,Training and Development Manager,Columbus,71734,Natalie Ross
704,Luke Young,967-544-5558,Pharmaceutical Sales Representative,Fort Worth,13638,Oliver Clark
705,Aiden Murphy,596-739-2017,Web Developer,Los Angeles,135218,Amelia Coleman
706,Elias Simmons,113-752-2386,UX/UI Designer,Seattle,114676,Kayle Taylor
707,Lillia White,189-988-4928,Cloud Solutions Architect,San Francisco,64548,David Adams
708,Luke Coleman,404-115-3118,SEO Analyst,Seattle,112048,Violet Taylor
709,David Patterson,840-310-9687,Digital Marketing Specialist,Austin,76707,Ella Smith
710,Layla Ramirez,771-961-8375,UX/UI Designer,San Antonio,36556,Chris Lopez
711,Ella Powell,789-976-9023,Systems Analyst,Dallas,113881,Isaiah Moore
712,Richard Edwards,901-755-1840,Cloud Solutions Architect,Jacksonville,117646,Owen Campbell
713,Ellie Lopez,586-610-8964,Project Manager,Chicago,70968,Layla Cook
714,Ruby Miller,210-119-7223,E-commerce Specialist,San Francisco,37666,David Walker
715,NoraJoe Collins,489-805-4024,Database Administrator,Houston,114893,William Roberts
716,Kayle Coleman,177-133-4115,HR,Denver,11939,Dylan Clark
717,Andy Turner,353-679-2007,Social Media Manager,Indianapolis,105274,Autumn Butler
718,Abigail Jenkins,150-790-4568,Pharmaceutical Sales Representative,San Antonio,104245,Aqua Campbell
719,Thomas Lewis,425-867-3854,Business Development Manager,San Diego,136955,Luke Sanders
720,James Robinson,313-432-3066,Cloud Solutions Architect,San Jose,39812,Peyton Brooks
721,Evelyn Clark,450-468-2044,Database Administrator,Charlotte,34998,Skylar Campbell
722,Richard Young,683-597-5966,Content Strategist,Indianapolis,42168,Violet Collins
723,Maddy Lee,178-257-7233,Marketing Manager,Chicago,83672,Leah Baker
724,Clara Hernandez,454-962-7259,UX/UI Designer,Los Angeles,46562,Maddy Barnes
725,Jackson Wright,910-105-9377,Systems Analyst,Denver,78329,Skylar Campbell
726,Autumn Harris,148-173-2508,Business Analyst,San Antonio,30608,Harry Simmons
727,Lucy Rivera,933-380-2591,IT Consultant,Columbus,43152,Jackson Lewis
728,Isaiah Cooper,677-764-7328,Operations Manager,Charlotte,39179,Ethan Sanders
729,Carter Bailey,165-274-8716,Mobile App Developer,Fort Worth,37942,Isaiah Richardson
730,Peyton Young,326-897-9220,Systems Analyst,Charlotte,32651,Quinn Ward
731,Hazel Sanchez,251-689-9935,Social Media Manager,Jacksonville,15400,Owen Ramirez
732,Logan Allen,477-528-7260,Data Scientist,Jacksonville,117506,James Wilson
733,Henry Long,823-312-2812,Accountant,San Francisco,60450,Scarlett Gray
734,Lucas Cox,584-635-6519,Retail Manager,Los Angeles,101723,Ella Smith
735,Grace Ward,333-451-8201,Web Developer,Houston,115275,Robert Powell
736,Aiden Butler,964-116-2720,Supply Chain Analyst,Seattle,33778,Aiden Coleman
737,Liam Hall,352-752-9600,Accountant,Denver,25698,Belle Washington
738,Leah Evans,343-906-2992,Business Analyst,Austin,112628,Elijah Taylor
739,Anthony Clark,477-270-4487,Insurance Underwriter,Austin,59182,Wyatt Turner
740,Logan Hill,125-795-9581,Content Writer,New York,129975,Logan Price
741,Jackson Thompson,628-385-8824,Financial Analyst,Los Angeles,33401,Harry Baker
742,Hazel Cox,796-426-4592,Market Research Analyst,Columbus,14692,Oliver Cook
743,Ethan Richardson,730-178-4447,Mobile App Developer,Seattle,102105,Isaiah Long
744,Belle Martin,845-156-6239,Business Development Manager,Los Angeles,75446,Autumn Harris
745,Leah Ward,871-974-6276,Event Planner,Jacksonville,96705,Dylan Martinez
746,Mia Wood,303-683-3098,Facilities Manager,San Francisco,69179,Anthony Brooks
747,Stella Ward,461-344-5801,Marketing Manager,Washington D.C.,63141,Owen Collins
748,Owen Powell,345-305-6939,Business Analyst,Seattle,16008,Lillia Powell
749,Hector Young,439-673-5983,Business Analyst,Austin,33692,Micheal Watson
750,Aqua Rivera,616-734-3142,Hardware Engineer,New York,35557,Henry Roberts
751,Ethan Collins,121-296-4875,Software Tester,Houston,13268,Abigail Parker
752,Emma Campbell,215-527-7784,Facilities Manager,New York,123870,Anthony Sanders
753,Robert Green,983-594-7451,Data Scientist,San Jose,112508,Carter Richardson
754,Anna Butler,227-737-9923,Event Planner,Los Angeles,95971,Lily Peterson
755,Andy Walker,294-844-2876,IT Consultant,Austin,64267,Jackson Bennett
756,Ella Nelson,908-410-4295,Project Manager,Houston,124302,Harper Richardson
757,Belle Kelly,290-113-4648,Facilities Manager,San Antonio,78050,Leah Bailey
758,Sophie Jones,734-680-1715,Corporate Trainer,Houston,52256,Jacob Miller
759,Peyton Patterson,323-223-1913,Financial Analyst,Indianapolis,17184,Lucas Bailey
760,Quinn Price,541-147-7168,Quality Assurance Tester,Los Angeles,132752,Mia Henderson
761,Clara Roberts,523-726-4595,Insurance Underwriter,Charlotte,136820,Sophia Miller
762,Owen Lewis,769-772-4665,Graphic Designer,Indianapolis,118202,Luke Barnes
763,Andy Evans,529-758-9655,Training and Development Manager,Austin,28446,Hector Hernandez
764,Elijah Adams,434-586-8607,Supply Chain Analyst,Houston,28107,Liam Sanchez
765,Zoey Taylor,384-954-4470,Market Research Analyst,Jacksonville,125579,Harper Anderson
766,Alexander Torres,886-939-2365,Sales Representative,San Jose,119605,Aiden Coleman
767,Lillia Kelly,117-669-4958,Corporate Trainer,Chicago,48220,Skylar Henderson
768,Harry Lopez,645-202-3534,Market Research Analyst,Seattle,138803,Leah Edwards
769,Ava Howard,513-531-7133,HR,New York,69570,Dylan Martinez
770,Belle Hughes,266-940-4836,Operations Manager,Washington D.C.,18019,Leslie Wright
771,Autumn Hernandez,830-178-5286,E-commerce Specialist,Phoenix,114447,Isabella Hill
772,Ethan Williams,618-208-1276,Business Analyst,Los Angeles,88954,Leah Evans
773,Morgana Morris,509-978-5763,Operations Manager,San Antonio,103919,Peyton Turner
774,Clara Washington,110-157-8772,Hardware Engineer,Phoenix,44498,Abigail Ward
775,Luke Price,872-935-5498,Data Scientist,San Francisco,108150,Violet Collins
776,Isabella Nelson,646-744-4134,Compliance Officer,Austin,104569,Carter Harris
777,Hector Richardson,224-460-7544,IT Consultant,Washington D.C.,109285,John Brooks
778,Harry Rodriguez,109-682-2322,E-commerce Specialist,Charlotte,132685,Scarlett Campbell
779,Wyatt Long,557-230-7528,Facilities Manager,Philadelphia,26937,Maddy Barnes
780,Matt Simmons,974-137-6301,Mobile App Developer,Phoenix,20515,NoraJoe Harris
781,Aqua Gonzalez,991-755-5159,IT Consultant,Washington D.C.,27632,Richard Johnson
782,Lucas Martin,105-904-5748,Software Tester,San Francisco,41946,Violet Bailey
783,Skylar Edwards,178-999-5053,Editorial Assistant,Fort Worth,112678,Maddy Torres
784,Raelynn Taylor,483-296-9925,Systems Analyst,Washington D.C.,47568,Thomas Mitchell
785,Ruby Harris,793-641-3419,Social Media Manager,Austin,48645,Maddy Flores
786,Noah Howard,711-671-2788,Training and Development Manager,Charlotte,34489,Alexander Clark
787,Harper Henderson,836-440-8528,Data Scientist,Seattle,84093,Robert Coleman
788,Isabella Collins,603-184-5712,Customer Support Specialist,Austin,96044,Vin Turner
789,Amanda Bailey,205-476-5262,Software Engineer,New York,128171,Peyton Cooper
790,Anthony Stewart,764-857-8588,Marketing Manager,Austin,114726,Morgana Hill
791,Layla Miller,377-823-6312,Software Tester,Houston,22633,Skylar Henderson
792,Lily Walker,894-916-1045,Marketing Manager,San Jose,30976,Alexander Evans
793,Robert Stewart,950-691-1020,Legal Advisor,Charlotte,133346,Owen Lewis
794,Kayle Williams,309-377-3077,Marketing Manager,Austin,46414,Morgana Green
795,Kayle Miller,235-421-8024,Compliance Officer,San Diego,57031,Layla Watson
796,Jackson Allen,103-115-3822,Facilities Manager,San Jose,28033,Peyton Hughes
797,Mason Barnes,483-979-8953,Cloud Solutions Architect,San Jose,119018,James Wood
798,Micheal Smith,815-402-7923,Marketing Manager,Chicago,66892,Emma Ward
799,Clara Price,468-453-8479,Quality Assurance Tester,Austin,38572,Sophia Simmons
800,Ruby Green,166-941-7976,Digital Marketing Specialist,Phoenix,12192,Quinn Ward
801,Mia Scott,805-426-2237,Social Media Manager,Los Angeles,122655,Amanda Rivera
802,Ethan Scott,666-645-1112,Market Research Analyst,San Francisco,17401,Henry Roberts
803,Aiden Ward,102-294-2469,Financial Analyst,New York,103284,Violet Parker
804,NoraJoe King,940-341-4853,Web Developer,San Jose,135346,Elias Jenkins
805,Isaiah Roberts,575-736-5386,Customer Support Specialist,San Francisco,72440,Violet Powell
806,Autumn Hall,793-179-4852,Systems Analyst,Los Angeles,30897,Matt Garcia
807,Lillia Evans,983-282-9816,Systems Administrator,Los Angeles,122417,Skylar Davis
808,Raelynn Price,691-515-7948,Marketing Manager,Denver,18370,Lucy Flores
809,Ava Wood,849-569-4684,Recruitment Consultant,San Antonio,124133,Maddy Ross
810,Aiden Torres,364-719-8941,Web Developer,Houston,23339,Peyton Wright
811,Evelyn Harris,666-545-6103,Quality Assurance Tester,San Jose,107277,Isaiah Collins
812,Sophia Edwards,919-951-7374,Sales Representative,Fort Worth,68511,Mason Williams
813,NoraJoe Peterson,430-367-4826,Legal Advisor,Charlotte,67544,Grace Moore
814,Ava Turner,127-622-3723,Human Resources Manager,Austin,96448,Micheal Barnes
815,Lucas Campbell,165-950-1737,Compliance Officer,Los Angeles,27586,Ethan Williams
816,Hazel Roberts,109-879-7547,Business Development Manager,Fort Worth,134025,Hazel Price
817,Lily Moore,920-460-7817,Project Manager,Austin,127845,Dylan Lewis
818,Anna Gray,792-174-1743,Database Administrator,Phoenix,62298,Ella Nelson
819,Layla Hernandez,828-989-6869,Quality Assurance Tester,New York,113523,Luke Hernandez
820,Alexander Perez,785-451-5190,UX/UI Designer,Phoenix,11493,Alexander Clark
821,Anna Collins,229-738-3837,Human Resources Manager,Denver,75257,Evelyn Garcia
822,Richard Murphy,567-718-2779,Systems Administrator,San Diego,35202,Hazel Roberts
823,Sam Kelly,147-928-5639,Content Strategist,San Jose,22379,Vin Turner
824,Jackson Garcia,401-271-1710,IT Consultant,Charlotte,127851,Ethan Lopez
825,Lucy Mitchell,866-317-4732,Compliance Officer,San Diego,70942,Richard Murphy
826,Anna Price,835-302-3899,Hardware Engineer,Charlotte,43681,NoraJoe Roberts
827,Luke Long,511-970-6109,Public Relations Specialist,San Francisco,65901,Skylar Edwards
828,Andy Clark,475-862-1242,Systems Analyst,Austin,31798,Peyton Phillips
829,Wyatt Lewis,701-682-6101,Systems Analyst,New York,113232,Mason Williams
830,Ellie Williams,498-959-1780,Supply Chain Analyst,Seattle,31431,Mia Smith
831,Ruby Allen,766-791-1836,Public Relations Specialist,Phoenix,138182,Violet Collins
832,Matt Hall,989-313-2097,Data Scientist,Charlotte,96582,Thomas Richardson
833,Maddy Thompson,193-868-8366,HR,Charlotte,132354,Lily Robinson
834,Natalie Bennett,314-361-2780,Financial Analyst,Indianapolis,116699,Dylan Lewis
835,Lillia Stewart,948-571-3223,Quality Assurance Tester,New York,64420,Peyton Flores
836,David Gonzalez,517-908-2657,Social Media Manager,Los Angeles,22932,David Patterson
837,Grace King,807-503-4362,Project Manager,San Francisco,80694,Layla Miller
838,Elias Clark,855-709-5473,Editorial Assistant,Austin,123312,Thomas Scott
839,Henry Garcia,591-207-4396,Public Relations Specialist,Dallas,27944,Sophia Perry
840,Leslie Roberts,560-596-6261,Network Engineer,Seattle,64821,Elijah Stewart
841,NoraJoe Patterson,204-890-2074,Network Engineer,Charlotte,80522,Owen Simmons
842,Sam Miller,264-728-2604,Software Engineer,Dallas,103179,Lucas Garcia
843,Natalie Sanders,895-716-8303,Recruitment Consultant,San Diego,48812,Ethan Roberts
844,Chloe Johnson,290-382-1062,Social Media Manager,Indianapolis,137649,Grace Phillips
845,Skylar Richardson,583-120-9341,Market Research Analyst,San Jose,97198,Aiden Adams
846,Daniel Adams,871-513-9707,Market Research Analyst,San Diego,28241,Noah Rogers
847,Ruby Patterson,966-770-3625,Technical Support Specialist,Jacksonville,29436,Aiden Garcia
848,Lillia Thompson,381-921-1052,Product Manager,Phoenix,62849,Evelyn Hall
849,Sophie Flores,580-743-6197,Digital Marketing Specialist,Philadelphia,60178,Harry Lee
850,Autumn Martin,385-856-6962,IT Consultant,Phoenix,21637,NoraJoe Roberts
851,Grace Howard,905-158-8436,Database Administrator,Seattle,130030,Ethan Sanders
852,Noah Anderson,240-827-3773,IT Consultant,San Jose,23227,Ben Martin
853,Liam Rodriguez,916-524-7816,Compliance Officer,Columbus,33812,Quinn Butler
854,Hector Gray,901-274-3462,Sales Representative,Jacksonville,109313,Wyatt Gray
855,Zoey Ward,237-234-7219,Operations Manager,Washington D.C.,106071,Autumn Walker
856,Peyton Harris,804-309-7105,Database Administrator,New York,88465,Elias Hall
857,Belle Gray,970-644-4070,E-commerce Specialist,Los Angeles,75696,Sam Thompson
858,Logan Mitchell,827-460-1543,Editorial Assistant,New York,129882,Matt Bennett
859,Micheal Jenkins,580-822-5223,Market Research Analyst,Washington D.C.,102807,Matt Hall
860,Evelyn Martin,818-845-2426,DevOps Engineer,Chicago,91827,Aiden Harris
861,Elias Cooper,276-636-3553,HR,Phoenix,99433,Anna Collins
862,Isaiah Scott,162-116-9836,Systems Analyst,Philadelphia,135924,Sophia Barnes
863,Alexander Gonzalez,776-182-4042,Digital Marketing Specialist,Philadelphia,28868,Ava Cooper
864,Violet Rivera,668-976-8803,Financial Analyst,San Jose,42985,Liam Gray
865,Elijah Hughes,524-501-5766,Software Engineer,Indianapolis,58372,Zoey Patterson
866,Ruby Cook,723-239-6169,Software Tester,San Diego,61055,Abigail Watson
867,Aiden Collins,970-560-8238,Customer Support Specialist,Jacksonville,117879,Kayle Robinson
868,David Young,683-247-8209,Supply Chain Analyst,Los Angeles,123990,Alexander Turner
869,Raelynn Gonzalez,238-670-1923,IT Consultant,Seattle,18014,Lillia Thompson
870,Kayle Moore,459-945-2556,Supply Chain Analyst,New York,111986,Hazel Price
871,Chloe Garcia,500-857-7701,Hardware Engineer,Columbus,59646,Alexander Clark
872,Mason Cox,215-854-1880,UX/UI Designer,Austin,42706,Zoey Patterson
873,Chloe Kelly,357-900-7531,Technical Support Specialist,Columbus,109457,Peyton Sanchez
874,Evelyn Sanchez,497-885-4829,Human Resources Manager,Denver,123973,Owen Campbell
875,Lily Jones,958-365-5821,Pharmaceutical Sales Representative,San Jose,52623,Quinn Rodriguez
876,Abigail Phillips,260-704-4941,Digital Marketing Specialist,San Diego,108956,Leah Lee
877,Ethan Rodriguez,153-930-1634,Content Writer,Denver,94829,Robert Stewart
878,Autumn Adams,808-603-9989,Recruitment Consultant,Houston,31433,Autumn Martin
879,NoraJoe Richardson,886-799-7123,Training and Development Manager,San Antonio,100070,Ellie Williams
880,Logan Cook,603-607-6261,Event Planner,Charlotte,11342,Quinn Rodriguez
881,Harper Davis,483-982-4851,Web Developer,Seattle,117245,David Brooks
882,Morgana Jones,591-565-9638,Business Development Manager,Denver,133941,Matt Lee
883,Isaiah Mitchell,619-146-2585,Compliance Officer,Houston,89493,Daniel Gray
884,Peyton Murphy,999-293-7327,Operations Manager,Columbus,104053,Aiden Ward
885,Wyatt Brown,562-695-6285,Systems Administrator,Washington D.C.,50964,Isabella Cox
886,Logan Turner,831-940-4841,Data Scientist,Jacksonville,100380,Matt Bennett
887,Elijah Miller,645-222-1088,Training and Development Manager,New York,96049,Violet Watson
888,Lucy Washington,138-278-4471,E-commerce Specialist,San Antonio,90257,Layla Wright
889,Layla Scott,222-947-1608,Content Writer,San Francisco,71169,Lily Peterson
890,Olivia Johnson,995-652-3262,Network Engineer,Columbus,100282,Noah Anderson
891,Ellie Walker,305-753-4297,Accountant,Charlotte,77029,Raelynn Young
892,Elias Lewis,142-212-7231,Systems Analyst,Austin,32753,Daniel Perry
893,Liam Sanders,468-121-1593,Recruitment Consultant,Charlotte,41723,Lily Lopez
894,Ava Patterson,531-219-5107,Corporate Trainer,Denver,37009,Ethan Sanders
895,Sam Ward,831-550-3643,Operations Manager,Seattle,20264,David Ross
896,Olivia Young,555-945-1073,Software Tester,Indianapolis,110159,NoraJoe Peterson
897,Andy King,379-933-6477,Human Resources Manager,Jacksonville,80661,Belle Ross
898,Andy Murphy,617-781-9281,Pharmaceutical Sales Representative,Seattle,57369,Daniel Mitchell
899,Daniel Cooper,510-410-9743,Systems Analyst,San Antonio,132324,Anna Davis
900,Autumn Perry,392-188-4605,Legal Advisor,San Jose,132955,Hazel Long
901,Henry Edwards,963-227-7594,DevOps Engineer,San Jose,13706,Andy Murphy
902,Lillia Rodriguez,108-247-9035,Social Media Manager,Denver,123413,Kayle Adams
903,Maddy Taylor,763-704-5055,Cloud Solutions Architect,San Francisco,77558,Zoey Miller
904,Isaiah Harris,582-961-5472,UX/UI Designer,Austin,74275,Leah Edwards
905,Lillia Cook,658-977-6534,Insurance Underwriter,New York,106795,Quinn Kelly
906,Harper Gonzalez,811-453-5619,Mobile App Developer,San Diego,20377,Matt Lee
907,Kayle Nelson,516-910-1594,Product Manager,Indianapolis,55502,Peyton Harris
908,Amelia Wood,145-678-2792,Technical Support Specialist,Jacksonville,19792,Lillia Robinson
909,Maddy Young,112-656-8055,Business Development Manager,Washington D.C.,126829,Daniel Patterson
910,Grace Hill,465-356-5375,Cloud Solutions Architect,Chicago,115977,Jackson Wright
911,Elias Young,335-396-5136,Mobile App Developer,Philadelphia,30234,Robert Coleman
912,Aiden Washington,459-180-7430,Corporate Trainer,San Francisco,13055,Sam Miller
913,Chris Wilson,369-837-6934,Web Developer,Washington D.C.,121671,Ethan Williams
914,Matt Gray,332-707-4651,Sales Representative,Charlotte,33588,Lillia Henderson
915,Jacob Smith,423-515-2237,DevOps Engineer,Los Angeles,80326,Ava Cooper
916,Lillia Washington,863-532-6388,Software Tester,Washington D.C.,54646,Robert Scott
917,Elias Rodriguez,239-505-8742,Editorial Assistant,Austin,126648,Liam Rivera
918,Kayle Cook,829-576-4040,Editorial Assistant,Jacksonville,39499,Lily Henderson
919,Micheal Harris,138-185-8703,Digital Marketing Specialist,Jacksonville,101780,Chris Wilson
920,Micheal Butler,467-557-8405,Web Developer,Los Angeles,72780,Luke Coleman
921,Ethan Edwards,490-648-4680,Software Engineer,Columbus,83582,Peyton Henderson
922,Harry Perry,534-372-9099,Mobile App Developer,Jacksonville,84648,Maddy Flores
923,Henry Brooks,872-416-6799,Marketing Manager,Denver,87163,David Patterson
924,Emma Flores,826-313-3746,Business Development Manager,Washington D.C.,128172,Grace Martin
925,Anthony Reed,409-611-1690,Software Tester,Austin,36617,Aiden Garcia
926,Dylan Price,737-961-2962,Financial Analyst,Phoenix,129743,Chris Lee
927,Matt Price,868-707-2349,Hardware Engineer,San Diego,99611,Amanda Jenkins
928,Robert Murphy,891-687-3297,SEO Analyst,Austin,60478,James Perez
929,Leah Turner,508-243-7248,Financial Analyst,Austin,72742,Hector Mitchell
930,Robert Campbell,978-420-3725,Training and Development Manager,Jacksonville,126292,Elias Cooper
931,Leah Flores,240-799-5370,Retail Manager,Fort Worth,58143,Robert Howard
932,Micheal Rodriguez,637-772-6876,Business Analyst,San Antonio,91498,Amanda Phillips
933,Raelynn Martin,902-834-6061,Accountant,Los Angeles,17182,Mia Butler
934,Layla Lewis,133-124-3451,Network Engineer,Jacksonville,115635,Aiden Harris
935,Stella Watson,137-501-2265,Database Administrator,Washington D.C.,37590,Ben Long
936,Micheal Long,221-135-4814,Customer Support Specialist,Houston,126784,Elias Clark
937,Ruby Peterson,619-951-2481,Business Development Manager,San Diego,132182,Anna Collins
938,Alexander Wright,617-520-4962,Training and Development Manager,Chicago,25752,James Wilson
939,Chloe Price,979-701-2970,Corporate Trainer,Phoenix,13580,Hector Johnson
940,Ava Rivera,663-645-2569,Legal Advisor,Houston,13848,Sam Thompson
941,Elijah Collins,693-805-8673,Insurance Underwriter,Austin,105973,Maddy Sanders
942,Dylan Adams,758-891-7556,HR,San Diego,24959,Abigail Jenkins
943,Amanda Williams,388-734-6803,Accountant,Fort Worth,114829,Chloe Price
944,Carter Johnson,169-247-7131,Customer Support Specialist,Indianapolis,52473,Hazel Edwards
945,James Taylor,715-929-4315,Customer Support Specialist,Washington D.C.,52595,Alexander Walker
946,Clara Hall,616-352-3269,Social Media Manager,Charlotte,24887,Kayle Taylor
947,Jacob Torres,903-343-7633,Software Engineer,Seattle,93177,Aiden Butler
948,Noah Smith,940-285-5689,Legal Advisor,Philadelphia,97096,Micheal Jones
949,Anthony Butler,614-689-7958,E-commerce Specialist,Chicago,30910,Isabella Lee
950,William Simmons,562-700-4863,Operations Manager,Jacksonville,115393,Emma Sanders
951,Lucy Green,882-479-7830,Software Tester,Jacksonville,30213,Logan Nelson
952,Belle Butler,558-774-2907,Graphic Designer,Fort Worth,70131,Alexander Wright
953,Thomas Coleman,266-823-6332,HR,Indianapolis,13269,David Lopez
954,Logan Long,145-931-2877,Quality Assurance Tester,Washington D.C.,59254,Layla King
955,Hazel Martinez,423-296-2343,Marketing Manager,Fort Worth,37283,Autumn Perez
956,Anthony Murphy,509-105-7805,Supply Chain Analyst,Los Angeles,93594,Chloe Johnson
957,Liam Lewis,216-315-7521,Compliance Officer,Chicago,86068,Wyatt Price
958,Ellie Rivera,313-368-7350,Systems Analyst,Denver,18003,Alexander Rivera
959,Robert Hughes,126-595-6234,Training and Development Manager,San Antonio,137591,Leslie Wright
960,Amanda Ramirez,403-973-8030,Systems Analyst,Fort Worth,104952,Ruby Wright
961,Anthony Sanchez,261-728-6927,IT Consultant,Houston,95623,Noah Anderson
962,Isabella Peterson,721-170-4229,Editorial Assistant,Indianapolis,15257,Anthony Henderson
963,Raelynn Watson,345-447-5166,Database Administrator,Denver,68786,Dylan Long
964,Thomas Bennett,817-128-5149,UX/UI Designer,San Jose,42656,Hazel Sanders
965,Harper Campbell,803-766-6691,Software Tester,San Jose,90185,Wyatt Gray
966,Olivia Adams,802-607-4634,Database Administrator,Washington D.C.,82985,Daniel Gray
967,Sophie Hall,865-792-1338,Retail Manager,Columbus,89576,Clara Hernandez
968,Ava Kelly,141-353-8498,Web Developer,Charlotte,114019,Maddy Young
969,Amanda Torres,514-672-4425,Recruitment Consultant,San Diego,94417,NoraJoe Roberts
970,Liam Miller,567-398-8705,Business Development Manager,Seattle,118271,Clara Miller
971,Anthony Moore,244-531-7455,Retail Manager,San Francisco,23228,Ava Green
972,Anthony Torres,985-272-1709,Web Developer,San Diego,104930,Luke White
973,Sophia Evans,983-863-8892,Network Engineer,Fort Worth,14107,Robert Wood
974,Hazel Butler,738-892-8686,Cloud Solutions Architect,Los Angeles,131539,Micheal Harris
975,Ben Price,789-663-1641,Human Resources Manager,Jacksonville,31597,Ella Wilson
976,Mia Robinson,269-655-9293,Research Scientist,New York,139765,Robert Wood
977,Matt Walker,179-792-5224,Human Resources Manager,Fort Worth,65699,David Adams
978,Anthony Ross,802-534-4015,Corporate Trainer,Jacksonville,123391,Ruby Miller
979,Ellie Barnes,851-687-1227,Network Engineer,New York,61458,Liam Miller
980,Mia Cox,886-730-7420,Event Planner,Fort Worth,67003,Chris Turner
981,Richard Ross,383-255-2349,Human Resources Manager,Denver,17480,Quinn Bennett
982,Liam Smith,325-124-5037,Accountant,Washington D.C.,35066,Lillia Torres
983,Wyatt Hughes,911-400-1506,Cloud Solutions Architect,San Diego,17648,Ruby Wright
984,Grace Evans,123-472-5960,Market Research Analyst,Denver,64014,Emma Reed
985,Vin Garcia,353-692-9584,Pharmaceutical Sales Representative,Jacksonville,66500,Hazel Sanchez
986,Amelia King,782-652-8364,Research Scientist,Columbus,50286,Lillia Turner
987,Leslie Perez,332-632-9696,Content Writer,Columbus,91961,Emma Sanders
988,Leslie Long,654-937-3924,Customer Support Specialist,Chicago,57322,Clara Wright
989,Mason Turner,657-752-6408,HR,Denver,132940,William Simmons
990,Aria Hill,235-104-7491,Financial Analyst,New York,12571,Ellie Miller
991,Hazel Jones,671-234-9080,Cloud Solutions Architect,Philadelphia,107433,Isabella Henderson
992,Harry Nelson,773-767-2094,Web Developer,Washington D.C.,106465,Alexander Morris
993,Chris Campbell,882-181-2925,Database Administrator,Chicago,82761,Aiden Adams
994,Noah Robinson,599-367-6156,Digital Marketing Specialist,Chicago,94984,NoraJoe King
995,Amelia Garcia,356-380-3751,Systems Administrator,Chicago,107836,Anthony Murphy
996,Mason Cook,345-289-9099,Research Scientist,Columbus,19867,Mason Ward
997,Carter Cook,573-872-4106,Content Writer,New York,38264,Robert Jenkins
998,Noah Hall,488-303-3836,HR,San Jose,13507,Sophia Edwards
999,Dylan Gray,797-251-9305,Training and Development Manager,Houston,90754,Ethan Edwards
1000,Robert Roberts,217-320-3422,Digital Marketing Specialist,Dallas,106032,Isabella Hill
